{
  "formatVersion": 1,
  "database": {
    "version": 1,
    "identityHash": "fe50101ee72d06d080eca461cbf58c45",
    "entities": [
      {
        "tableName": "Potato",
        "createSql": "CREATE TABLE IF NOT EXISTS `${TABLE_NAME}` (`potatoUid` INTEGER PRIMARY KEY AUTOINCREMENT NOT NULL, `potatoPcsn` INTEGER NOT NULL, `potatoLcsn` INTEGER NOT NULL, `potatoLcb` INTEGER NOT NULL, `potatoLct` INTEGER NOT NULL, `potatoName` TEXT)",
        "fields": [
          {
            "fieldPath": "potatoUid",
            "columnName": "potatoUid",
            "affinity": "INTEGER",
            "notNull": true
          },
          {
            "fieldPath": "potatoPcsn",
            "columnName": "potatoPcsn",
            "affinity": "INTEGER",
            "notNull": true
          },
          {
            "fieldPath": "potatoLcsn",
            "columnName": "potatoLcsn",
            "affinity": "INTEGER",
            "notNull": true
          },
          {
            "fieldPath": "potatoLcb",
            "columnName": "potatoLcb",
            "affinity": "INTEGER",
            "notNull": true
          },
          {
            "fieldPath": "potatoLct",
            "columnName": "potatoLct",
            "affinity": "INTEGER",
            "notNull": true
          },
          {
            "fieldPath": "potatoName",
            "columnName": "potatoName",
            "affinity": "TEXT",
            "notNull": false
          }
        ],
        "primaryKey": {
          "columnNames": [
            "potatoUid"
          ],
          "autoGenerate": true
        },
        "indices": [],
        "foreignKeys": []
      },
      {
        "tableName": "SyncNode",
        "createSql": "CREATE TABLE IF NOT EXISTS `${TABLE_NAME}` (`nodeClientId` INTEGER NOT NULL, `master` INTEGER NOT NULL, PRIMARY KEY(`nodeClientId`))",
        "fields": [
          {
            "fieldPath": "nodeClientId",
            "columnName": "nodeClientId",
            "affinity": "INTEGER",
            "notNull": true
          },
          {
            "fieldPath": "master",
            "columnName": "master",
            "affinity": "INTEGER",
            "notNull": true
          }
        ],
        "primaryKey": {
          "columnNames": [
            "nodeClientId"
          ],
          "autoGenerate": false
        },
        "indices": [],
        "foreignKeys": []
      },
      {
        "tableName": "SyncResult",
        "createSql": "CREATE TABLE IF NOT EXISTS `${TABLE_NAME}` (`srUid` INTEGER PRIMARY KEY AUTOINCREMENT NOT NULL, `tableId` INTEGER NOT NULL, `status` INTEGER NOT NULL, `localCsn` INTEGER NOT NULL, `remoteCsn` INTEGER NOT NULL, `syncType` INTEGER NOT NULL, `timestamp` INTEGER NOT NULL, `sent` INTEGER NOT NULL, `received` INTEGER NOT NULL)",
        "fields": [
          {
            "fieldPath": "srUid",
            "columnName": "srUid",
            "affinity": "INTEGER",
            "notNull": true
          },
          {
            "fieldPath": "tableId",
            "columnName": "tableId",
            "affinity": "INTEGER",
            "notNull": true
          },
          {
            "fieldPath": "status",
            "columnName": "status",
            "affinity": "INTEGER",
            "notNull": true
          },
          {
            "fieldPath": "localCsn",
            "columnName": "localCsn",
            "affinity": "INTEGER",
            "notNull": true
          },
          {
            "fieldPath": "remoteCsn",
            "columnName": "remoteCsn",
            "affinity": "INTEGER",
            "notNull": true
          },
          {
            "fieldPath": "syncType",
            "columnName": "syncType",
            "affinity": "INTEGER",
            "notNull": true
          },
          {
            "fieldPath": "timestamp",
            "columnName": "timestamp",
            "affinity": "INTEGER",
            "notNull": true
          },
          {
            "fieldPath": "sent",
            "columnName": "sent",
            "affinity": "INTEGER",
            "notNull": true
          },
          {
            "fieldPath": "received",
            "columnName": "received",
            "affinity": "INTEGER",
            "notNull": true
          }
        ],
        "primaryKey": {
          "columnNames": [
            "srUid"
          ],
          "autoGenerate": true
        },
        "indices": [],
        "foreignKeys": []
      },
      {
        "tableName": "SqliteChangeSeqNums",
        "createSql": "CREATE TABLE IF NOT EXISTS `${TABLE_NAME}` (`sCsnTableId` INTEGER NOT NULL, `sCsnNextLocal` INTEGER NOT NULL, `sCsnNextPrimary` INTEGER NOT NULL, PRIMARY KEY(`sCsnTableId`))",
        "fields": [
          {
            "fieldPath": "sCsnTableId",
            "columnName": "sCsnTableId",
            "affinity": "INTEGER",
            "notNull": true
          },
          {
            "fieldPath": "sCsnNextLocal",
            "columnName": "sCsnNextLocal",
            "affinity": "INTEGER",
            "notNull": true
          },
          {
            "fieldPath": "sCsnNextPrimary",
            "columnName": "sCsnNextPrimary",
            "affinity": "INTEGER",
            "notNull": true
          }
        ],
        "primaryKey": {
          "columnNames": [
            "sCsnTableId"
          ],
          "autoGenerate": false
        },
        "indices": [
          {
            "name": "index_SqliteChangeSeqNums_sCsnNextLocal",
            "unique": false,
            "columnNames": [
              "sCsnNextLocal"
            ],
            "orders": [],
            "createSql": "CREATE INDEX IF NOT EXISTS `index_SqliteChangeSeqNums_sCsnNextLocal` ON `${TABLE_NAME}` (`sCsnNextLocal`)"
          },
          {
            "name": "index_SqliteChangeSeqNums_sCsnNextPrimary",
            "unique": false,
            "columnNames": [
              "sCsnNextPrimary"
            ],
            "orders": [],
            "createSql": "CREATE INDEX IF NOT EXISTS `index_SqliteChangeSeqNums_sCsnNextPrimary` ON `${TABLE_NAME}` (`sCsnNextPrimary`)"
          }
        ],
        "foreignKeys": []
      },
      {
        "tableName": "UpdateNotification",
        "createSql": "CREATE TABLE IF NOT EXISTS `${TABLE_NAME}` (`pnUid` INTEGER PRIMARY KEY AUTOINCREMENT NOT NULL, `pnDeviceId` INTEGER NOT NULL, `pnTableId` INTEGER NOT NULL, `pnTimestamp` INTEGER NOT NULL)",
        "fields": [
          {
            "fieldPath": "pnUid",
            "columnName": "pnUid",
            "affinity": "INTEGER",
            "notNull": true
          },
          {
            "fieldPath": "pnDeviceId",
            "columnName": "pnDeviceId",
            "affinity": "INTEGER",
            "notNull": true
          },
          {
            "fieldPath": "pnTableId",
            "columnName": "pnTableId",
            "affinity": "INTEGER",
            "notNull": true
          },
          {
            "fieldPath": "pnTimestamp",
            "columnName": "pnTimestamp",
            "affinity": "INTEGER",
            "notNull": true
          }
        ],
        "primaryKey": {
          "columnNames": [
            "pnUid"
          ],
          "autoGenerate": true
        },
        "indices": [
          {
            "name": "index_UpdateNotification_pnDeviceId_pnTableId",
            "unique": true,
            "columnNames": [
              "pnDeviceId",
              "pnTableId"
            ],
            "orders": [],
            "createSql": "CREATE UNIQUE INDEX IF NOT EXISTS `index_UpdateNotification_pnDeviceId_pnTableId` ON `${TABLE_NAME}` (`pnDeviceId`, `pnTableId`)"
          },
          {
            "name": "index_UpdateNotification_pnDeviceId_pnTimestamp",
            "unique": false,
            "columnNames": [
              "pnDeviceId",
              "pnTimestamp"
            ],
            "orders": [],
            "createSql": "CREATE INDEX IF NOT EXISTS `index_UpdateNotification_pnDeviceId_pnTimestamp` ON `${TABLE_NAME}` (`pnDeviceId`, `pnTimestamp`)"
          }
        ],
        "foreignKeys": []
      },
      {
        "tableName": "TableSyncStatus",
        "createSql": "CREATE TABLE IF NOT EXISTS `${TABLE_NAME}` (`tsTableId` INTEGER NOT NULL, `tsLastChanged` INTEGER NOT NULL, `tsLastSynced` INTEGER NOT NULL, PRIMARY KEY(`tsTableId`))",
        "fields": [
          {
            "fieldPath": "tsTableId",
            "columnName": "tsTableId",
            "affinity": "INTEGER",
            "notNull": true
          },
          {
            "fieldPath": "tsLastChanged",
            "columnName": "tsLastChanged",
            "affinity": "INTEGER",
            "notNull": true
          },
          {
            "fieldPath": "tsLastSynced",
            "columnName": "tsLastSynced",
            "affinity": "INTEGER",
            "notNull": true
          }
        ],
        "primaryKey": {
          "columnNames": [
            "tsTableId"
          ],
          "autoGenerate": false
        },
        "indices": [],
        "foreignKeys": []
      },
      {
        "tableName": "ChangeLog",
        "createSql": "CREATE TABLE IF NOT EXISTS `${TABLE_NAME}` (`changeLogUid` INTEGER PRIMARY KEY AUTOINCREMENT NOT NULL, `chTableId` INTEGER NOT NULL, `chEntityPk` INTEGER NOT NULL, `dispatched` INTEGER NOT NULL, `chTime` INTEGER NOT NULL)",
        "fields": [
          {
            "fieldPath": "changeLogUid",
            "columnName": "changeLogUid",
            "affinity": "INTEGER",
            "notNull": true
          },
          {
            "fieldPath": "chTableId",
            "columnName": "chTableId",
            "affinity": "INTEGER",
            "notNull": true
          },
          {
            "fieldPath": "chEntityPk",
            "columnName": "chEntityPk",
            "affinity": "INTEGER",
            "notNull": true
          },
          {
            "fieldPath": "dispatched",
            "columnName": "dispatched",
            "affinity": "INTEGER",
            "notNull": true
          },
          {
            "fieldPath": "chTime",
            "columnName": "chTime",
            "affinity": "INTEGER",
            "notNull": true
          }
        ],
        "primaryKey": {
          "columnNames": [
            "changeLogUid"
          ],
          "autoGenerate": true
        },
        "indices": [],
        "foreignKeys": []
      },
      {
        "tableName": "ZombieAttachmentData",
        "createSql": "CREATE TABLE IF NOT EXISTS `${TABLE_NAME}` (`zaUid` INTEGER PRIMARY KEY AUTOINCREMENT NOT NULL, `zaTableName` TEXT, `zaPrimaryKey` INTEGER NOT NULL, `zaUri` TEXT)",
        "fields": [
          {
            "fieldPath": "zaUid",
            "columnName": "zaUid",
            "affinity": "INTEGER",
            "notNull": true
          },
          {
            "fieldPath": "zaTableName",
            "columnName": "zaTableName",
            "affinity": "TEXT",
            "notNull": false
          },
          {
            "fieldPath": "zaPrimaryKey",
            "columnName": "zaPrimaryKey",
            "affinity": "INTEGER",
            "notNull": true
          },
          {
            "fieldPath": "zaUri",
            "columnName": "zaUri",
            "affinity": "TEXT",
            "notNull": false
          }
        ],
        "primaryKey": {
          "columnNames": [
            "zaUid"
          ],
          "autoGenerate": true
        },
        "indices": [],
        "foreignKeys": []
      },
      {
        "tableName": "DoorNode",
        "createSql": "CREATE TABLE IF NOT EXISTS `${TABLE_NAME}` (`nodeId` INTEGER PRIMARY KEY AUTOINCREMENT NOT NULL, `auth` TEXT)",
        "fields": [
          {
            "fieldPath": "nodeId",
            "columnName": "nodeId",
            "affinity": "INTEGER",
            "notNull": true
          },
          {
            "fieldPath": "auth",
            "columnName": "auth",
            "affinity": "TEXT",
            "notNull": false
          }
        ],
        "primaryKey": {
          "columnNames": [
            "nodeId"
          ],
          "autoGenerate": true
        },
        "indices": [],
        "foreignKeys": []
      },
      {
        "tableName": "Potato_trk",
        "createSql": "CREATE TABLE IF NOT EXISTS `${TABLE_NAME}` (`pk` INTEGER PRIMARY KEY AUTOINCREMENT NOT NULL, `epk` INTEGER NOT NULL, `clientId` INTEGER NOT NULL, `csn` INTEGER NOT NULL, `rx` INTEGER NOT NULL, `reqId` INTEGER NOT NULL, `ts` INTEGER NOT NULL)",
        "fields": [
          {
            "fieldPath": "pk",
            "columnName": "pk",
            "affinity": "INTEGER",
            "notNull": true
          },
          {
            "fieldPath": "epk",
            "columnName": "epk",
            "affinity": "INTEGER",
            "notNull": true
          },
          {
            "fieldPath": "clientId",
            "columnName": "clientId",
            "affinity": "INTEGER",
            "notNull": true
          },
          {
            "fieldPath": "csn",
            "columnName": "csn",
            "affinity": "INTEGER",
            "notNull": true
          },
          {
            "fieldPath": "rx",
            "columnName": "rx",
            "affinity": "INTEGER",
            "notNull": true
          },
          {
            "fieldPath": "reqId",
            "columnName": "reqId",
            "affinity": "INTEGER",
            "notNull": true
          },
          {
            "fieldPath": "ts",
            "columnName": "ts",
            "affinity": "INTEGER",
            "notNull": true
          }
        ],
        "primaryKey": {
          "columnNames": [
            "pk"
          ],
          "autoGenerate": true
        },
        "indices": [
          {
            "name": "index_Potato_trk_clientId_epk_csn",
            "unique": false,
            "columnNames": [
              "clientId",
              "epk",
              "csn"
            ],
            "orders": [],
            "createSql": "CREATE INDEX IF NOT EXISTS `index_Potato_trk_clientId_epk_csn` ON `${TABLE_NAME}` (`clientId`, `epk`, `csn`)"
          },
          {
            "name": "index_Potato_trk_epk_clientId",
            "unique": true,
            "columnNames": [
              "epk",
              "clientId"
            ],
            "orders": [],
            "createSql": "CREATE UNIQUE INDEX IF NOT EXISTS `index_Potato_trk_epk_clientId` ON `${TABLE_NAME}` (`epk`, `clientId`)"
          }
        ],
        "foreignKeys": []
      }
    ],
    "views": [],
    "setupQueries": [
      "CREATE TABLE IF NOT EXISTS room_master_table (id INTEGER PRIMARY KEY,identity_hash TEXT)",
      "INSERT OR REPLACE INTO room_master_table (id,identity_hash) VALUES(42, 'fe50101ee72d06d080eca461cbf58c45')"
    ]
  }
}